,HOSPITAL_NAME,HOSPITAL_ID,CITY,STATE,ZIPCODE
0,Carolina Medical Center,H0071,Charlotte,NC,28203
1,Ascension St. Alexius| Ascension Saint Alexius Women and Children Hospital,0004994,ELGIN,IL,60169
2,The Charlotte Mecklenburg Hospital,H0082,Wadesboro,NC,28170
3,Novant_Health_Mint_Hill_Medical_Center,H0290,Charlotte,NC,28215
4,Novant_Health_Ballantyne_Medical_Center,H0292,West Charlotte,NC,28277
5,Novant_Health_Charlotte_Orthopedic_Hospital,H0010,Charlotte,NC,28207
6,Novant_Health_Huntersville_Medical_Center,H0010,Huntersville,NC,28078
7,Novant_Health_Matthews_Medical_Center,H0270,Matthews,NC,28105
8,Novant_Health_Presbyterian_Medical_Center,H0010,Charlotte,NC,28204
9,Edward Hospital,003905,Naperville,IL,60504
10,Elmhurst Memorial Hospital,0005751,Elmhurst,IL,60126
11,Linden Oaks Hospital,0005058,Naperville,IL,60540
12,UT Health Henderson,100428,Henderson,NV,75652
13,CaroMont Regional Medical Center,H0105,Gastonia,NC,28054
14,Touchette Regional Hospital,4523,Cahokia Heights,IL,62207
15,UT Health Henderson,100428,Henderson,NV,75652
16,St. Rose Dominican Hospital - Rose de Lima,659-HOS-40,Henderson,NV,89015
17,St. Rose Dominican Hospital - Siena,2969-HOS-41,Henderson,NV,89052
