,INSURANCE_PLAN_ID,PLAN_NAME
0,1,Commercial|All Plans
1,2,Commercial|DH Employees
2,3,Commercial|Options
3,4,Commercial|All Other Plans
4,5,Commercial|HMO
5,6,Commercial|Kaiser
6,7,Commercial|All Payer
7,8,Commercial|Prime
8,9,Commercial|State of NV
9,10,Medicaid|All Plans
10,11,Commercial|PPO
11,12,Medicare|All Plans
12,13,Broad Network
13,14,Connected North Carolina Individual HMO
14,15,Commercial
15,101,"1720_AETNA PPO (AB,SA) 20240101"
16,102,"1717_AETNA HMO (AB,SA) 20240101"
17,103,1620_HUMANA HMO (SA) 20231001
18,104,1622_HUMANA PPO (SA) 20231001
19,105,2381.625
20,106,"1672_UHC (BO,GO,HN,LG) 20231001"
21,107,"1524_SMARTHEALTH (ABIL,AHIL,AGIL,AMIL) 20230101"
22,108,"1643_SMARTHEALTH (AB,SA) INPATIENT 20231001"
23,109,"1696_SMARTHEALTH (AB,SA) OUTPATIENT 20240101"
24,110,1710_UHC INDIVIDUAL EXCHANGE (SA) 20231001
25,111,1746_MEDICAID ADVANTAGE BCBS (SA) 20240101
26,112,1753_MEDICAID ADVANTAGE HARMONY HEALTH PLAN (SA) 20240101
27,113,1758_MEDICAID ADVANTAGE MERIDIAN (SA) 20240101
28,114,1047.48
29,115,396.35
30,116,1616_CIGNA IFP (SA) 20231001
31,117,"1714_CIGNA LOCAL PLUS (AB,SA) 20240101"
32,118,1726_BLUE CROSS BLUE SHIELD PPO (SA) 20240101
33,119,1027.18
34,120,157.12
35,121,North Carolina Preferred Plus
36,122,Whole Health HMO
37,123,Managed Medicaid
38,124,HMO-PPO Managed Care
39,125,Local Group Commercial
40,126,Local Individual Commercial
41,127,Commercial NB
42,128,IEX Commercial
43,129,OneNet Commercial
44,130,"1614_CIGNA (AB,SA) 20231001"
45,131,2283.75
46,132,"637_PHCS (AB,SA) 20180101"
47,133,1744_MEDICAID ADVANTAGE AETNA BETTER HEALTH (SA) 20240101
48,134,1747_MEDICAID ADVANTAGE COUNTY CARE (SA) 20240101
49,135,1756_MEDICAID ADVANTAGE ILLINICARE (SA) 20240101
50,136,1760_MEDICAID ADVANTAGE OTHER (SA) 20240101
51,137,393.67
52,138,"1715_CIGNA ONE HEALTH (AB,SA) 20240101"
53,139,"1298_CIGNA C5 (AB,SA) 20230201"
54,140,1525_AETNA ILLINOIS PREFERRED 20230101
55,141,192.3
56,142,3262.5
57,143,Medicare Advantage
58,144,CoBranded Commercial
59,145,Commercial SAR
60,146,PPO
61,147,Ultra
62,148,Plan H
63,149,Plan P
64,150,"1711_UHC (AB,SA) 20240101"
65,151,988.55
66,152,Behavioral Health
67,153,Individual Commercial
68,201,All Payor
69,202,ManagedCareMCR
70,203,Medicare HMO
71,204,HealthSpring
72,205,BH MCR Advantage
73,206,Pace of the Southern Piedmont
74,207,HMO/PPO
75,208,Medicare Products
76,209,Team Member
77,210,BH Commercial
78,211,Blue Medicare
79,301,0
80,401,gefa aetna
81,402,webtpa-aetna
82,403,aetna caromont employee
83,404,aetna connected nc network
84,405,alliance health
85,406,blue value individual
86,407,bc out of state
87,408,lake wylie bc of sc
88,409,lake wylie blue essentials
89,410,carolina complete health medicaid
90,411,cigna great west health
91,412,cigna healthpartners
92,413,geha united healthcare
93,414,uhc blind benefits
94,415,uhc empire plan
95,416,uhc-all savers alternate ams
96,417,christian brothers-cigna
97,418,multiplan
98,419,partners bh state
99,420,uhc-oxford
100,421,healthy blue plus medicare nc
101,422,corporate benefits caromont ppo
102,423,peak pace solutions-senior tlc
103,424,BLACK LUNG [605500]
104,425,CIGNA PPO [126025]
105,426,MANAGED MEDICAID OTHER [384500]
106,427,UMR UNITED HEALTHCARE [203502]
107,428,AMBETTER [293000]
108,429,BLUE CROSS MEDICARE ADVANTAGE OOS [116005]
109,430,MEDICARE PART A ONLY [163502]
110,431,UHC MEDICARE ADVANTAGE [206511]
111,432,aetna-luminare health
112,433,blue federal emp prgm
113,434,humana choicecare
114,435,uhc heritage plus
115,436,ubh medicaid
116,437,vaya health
117,438,starbridge-cigna
118,439,healthgram-medcost
119,440,uhc-choice plus
120,441,aetna medicare
121,442,aetna-medicare part b only
122,443,humana gold choice
123,444,humana medicare part B only
124,445,AETNA [101529]
125,446,WELLPOINT MEDICAID STAR [109500]
126,447,BCBS MEDICAID [116504]
127,448,GPA [145000]
128,449,HEALTH FIRST UTHET EMPLOYEE PLAN [239502]
129,450,LUCENT HEALTH [600000]
130,451,PARKLAND COMMUNITY HEALTH PLAN [601500]
131,452,WEB TPA AETNA [211500]
132,453,CIGNA MEDICARE REPLACEMENT [126500]
133,454,HUMANA MEDICARE ADVANTAGE/PPO/GOLD [152503]
134,455,MEDICARE PART A AND B [163500]
135,456,umr
136,457,freedom blue ppo
137,458,ANDREWS CENTER BEHAVIORAL HEALTH [395000]
138,459,MOLINA MEDICAID NEW MEXICO [225500]
139,460,SUPERIOR CHIP [194501]
140,461,AETNA COVENTRY MEDICARE REPLACEMENT [102002]
141,462,WELLCARE MEDICARE [377501]
142,463,AETNA
143,464,BLUE CROSS OF ILLINOIS
144,465,COVENTRY
145,466,HEALTH ALLIANCE
146,467,MULTIPLAN
147,468,UNITED HEALTHCARE
148,501,aetna
149,502,aetna allied benefit
150,503,aetna gravie administrative
151,504,aetna nc health plan
152,505,coventry health care
153,506,foreign services benefit plan
154,507,meritan-aetna
155,508,rural carrier benefit plan
156,509,amerihealth caritas medicaid nc
157,510,lake wylie bc federal health plan
158,511,americanpostalworkersunion
159,512,natl assoc of ltr carrier
160,513,belmont abbey multiplan
161,514,partners tailored plan
162,515,trillium health tailored medicaid plan
163,516,umr options ppo
164,517,cigna corporate benefits
165,518,cigna ppo
166,519,pchs private healthcare
167,520,partners bh caid
168,521,nchc uhc community plan medicaid nc
169,522,cigna healthspring part B only
170,523,cigna-healthspring
171,524,GOLDEN RULE MEDICARE SUPPLEMENT [144500]
172,525,MAILHANDLERS [159500]
173,526,UHC MEDICA CHOICE [206030]
174,527,UNITED HEALTHCARE STUDENT SVC [206012]
175,528,MEDICARE PART B ONLY [163501]
176,529,aetna medical mutual of ohio
177,530,mail handlers benefit plan
178,531,blue value group
179,532,bc nc blue optadvan
180,533,healthy blue medicaid nc
181,534,cigna
182,535,cigna priority health ppo
183,536,uhc medica
184,537,uhc river valley
185,538,united healthcare
186,539,bc sc state health plan
187,540,medcost
188,541,golden rule insurance company
189,542,uhc options ppo
190,543,cardinal innovations
191,544,nchc wellcare medicaid nc
192,545,blue medicare part b only
193,546,lake wylie blue medicare nc and sc
194,547,caromont cc hospice
195,548,cigna medicare access
196,549,AARP [100000]
197,550,WELLPOINT FKA AMERIGROUP MCARE SUP [505501]
198,551,BLUE CROSS ADVANTAGE HMO OF TEXAS [115525]
199,552,BLUE CROSS PREFERRED PPO OF TEXAS [115526]
200,553,CIGNA - GREAT WEST [126009]
201,554,MERITAIN AETNA [368500]
202,555,PHCS MULTIPLAN [178000]
203,556,TML [198000]
204,557,UNICARE [204000]
205,558,healthgram-cigna
206,559,wellcare medicaid nc
207,560,coresource-cigna
208,561,bc medicareplus blue group
209,562,blue medicare nc
210,563,humana gold plus
211,564,BLUE CROSS HMO OF TEXAS [115504]
212,565,BLUE CROSS TRADITIONAL OF TEXAS [115503]
213,566,HUMANA COMMERCIAL [214001]
214,567,UHC MEDICAID COMMUNITY PLAN [375501]
215,568,TML WC [212537]
216,569,WELLPOINT FKA AMERIGROUP MEDICARE [110000]
217,570,MANAGED MEDICARE OTHER [160000]
218,571,TEXAS A&M UNIVERSITY RISK MGT [2125109]
219,572,medcost corporate benefits
220,573,HEALTHLINK PPO
221,574,HUMANA
222,575,MANAGED MEDICARE 100%
223,576,TRICARE
