,INSURANCE_PROVIDER_ID,PAYER_NAME
0,401,HEALTHFIRST [2395]
1,402,AARP [1000]
2,403,MANAGED MEDICAID [3845]
3,404,AMERIGROUP MEDICAID [1095]
4,405,GOLDEN RULE [1445]
5,406,BCBS MEDICARE REPLACEMENT [1160]
6,407,WORKER'S COMP [2125]
7,408,UMR [2035]
8,409,bc blue value group plan
9,410,HUMANA COMMERCIAL [2140]
10,411,MANAGED MEDICARE [1600]
11,412,trillium health tailored medicaid plan
12,413,CIGNA [1260]
13,414,MAILHANDLERS [1595]
14,415,alliance healthplan
15,416,BLACK LUNG [6055]
16,417,amerihealth caritas medicaid
17,418,cigna
18,419,united healthcare behavioral health nc medicaid
19,420,ANDREWS CENTER BEHAVIORAL HEALTH [3950]
20,421,partners-indigent
21,422,cigna medicare
22,423,bcbs healthy blue medicaid
23,424,TML [1980]
24,425,corporate benefits service
25,426,MERITAIN AETNA [3685]
26,427,"bc hmo, ppo and css"
27,428,UNICARE [2040]
28,429,PHCS [1780]
29,430,PARKLAND COMMUNITY HEALTH PLAN [6015]
30,431,BCBS [1155]
31,432,AETNA MEDICARE REPLACEMENT [1020]
32,433,GROUP PENSION ADMIN [1450]
33,434,AETNA
34,1,Coventry
35,2,MultiPlan
36,3,United
37,4,Aetna
38,5,BCBS - Anthem
39,6,Health Services Coalition
40,7,CareMore
41,8,Humana
42,9,Sierra Health Plan NV
43,10,Health Plan of NV
44,11,Teachers Health Trust
45,12,Aetna First Health
46,13,Sierra Health Options
47,14,Intermountain
48,15,Cigna
49,101,AETNA PPO
50,102,UHC
51,103,HUMANA HMO
52,104,HUMANA PPO
53,105,"1614_CIGNA (AB,SA) 20231001"
54,106,PHCS
55,107,SMARTHEALTH
56,108,UHC INDIVIDUAL EXCHANGE
57,109,AETNA BETTER HEALTH
58,110,COUNTY CARE
59,111,HARMONY HEALTH PLAN
60,112,ILLINICARE
61,113,MEDICAID REPLACEMENT 100%
62,114,1744_MEDICAID ADVANTAGE AETNA BETTER HEALTH (SA) 20240101
63,115,1747_MEDICAID ADVANTAGE COUNTY CARE (SA) 20240101
64,116,1620_HUMANA HMO (SA) 20231001
65,117,1622_HUMANA PPO (SA) 20231001
66,118,1756_MEDICAID ADVANTAGE ILLINICARE (SA) 20240101
67,119,1758_MEDICAID ADVANTAGE MERIDIAN (SA) 20240101
68,120,CIGNA LOCAL PLUS
69,121,CIGNA ONE HEALTH
70,122,AETNA ILLINOIS PREFERRED
71,123,"1717_AETNA HMO (AB,SA) 20240101"
72,124,"1298_CIGNA C5 (AB,SA) 20230201"
73,125,"1714_CIGNA LOCAL PLUS (AB,SA) 20240101"
74,126,Alliance
75,127,Amerihealth Caritas
76,128,Blue Cross Blue Shield of North Carolina
77,129,Employers Health Network
78,130,GMMI
79,131,Partners
80,132,Physician Reach Out
81,133,Private Health Care Systems
82,134,Provider Select
83,135,Wellcare
84,136,CIGNA
85,137,AETNA HMO
86,138,"1720_AETNA PPO (AB,SA) 20240101"
87,139,BCBS MEDICAID
88,140,MERIDIAN
89,141,1746_MEDICAID ADVANTAGE BCBS (SA) 20240101
90,142,1753_MEDICAID ADVANTAGE HARMONY HEALTH PLAN (SA) 20240101
91,143,1760_MEDICAID ADVANTAGE OTHER (SA) 20240101
92,144,CIGNA C5
93,145,1616_CIGNA IFP (SA) 20231001
94,146,"1715_CIGNA ONE HEALTH (AB,SA) 20240101"
95,147,Broughton Cardinal Partners
96,148,Carolina Complete Health
97,149,ChoiceCare
98,150,First Health
99,151,Healthy Blue
100,152,Quik Trip
101,153,Trillium
102,154,United Healthcare
103,155,Vaya
104,156,CIGNA IFP
105,157,BCBS PPO
106,158,Ambetter
107,159,Beechstreet
108,160,Cigna Healthspring
109,161,Healthgram
110,162,MedCost
111,163,Multiplan
112,201,Liberty Advantage
113,202,PACE
114,203,BCBSNC
115,204,Medicare Advantage
116,205,Medicaid Replacement
117,206,Blue Cross
118,207,United Health Care
119,301,wellcare medicaid
120,302,WELLCARE MEDICARE REPLACEMENT [3775]
121,303,multiplan
122,304,aetna
123,305,AMBETTER [2930]
124,306,AMERIGROUP COMMERCIAL [5055]
125,307,united healthcare
126,308,carolina complete health medicaid
127,309,medcost
128,310,senior tlc
129,311,AETNA [1015]
130,312,HUMANA
131,313,WEB TPA [2115]
132,314,aetna nc preferred
133,315,BLUE CROSS OF ILLINOIS
134,316,MULTIPLAN
135,317,BCBS MEDICAID [1165]
136,318,STAR SUPERIOR MEDICAID [1945]
137,319,bcbs healthy blue medicare
138,320,LUCENT HEALTH [6000]
139,321,aetna medicare
140,322,bc blue value individual plan
141,323,UNITED HEALTHCARE MEDICARE REPLACEMENT [2065]
142,324,partners behavioral health-medicaid
143,325,caromont cc hospice
144,326,humana choicecare medicare
145,327,HUMANA MEDICARE REPLACEMENT [1525]
146,328,CIGNA MEDICARE REPLACEMENT [1265]
147,329,humana choicecare
148,330,MOLINA MEDICAID [2255]
149,331,TRICARE
150,332,UNITED HEALTHCARE
151,333,vaya (smoky mountains)
152,334,AMERIGROUP MEDICARE [1100]
153,335,HEALTHLINK
154,336,vaya (smoky mountain)
155,337,HEALTH ALLIANCE
156,338,united healthcare community medicaid
157,339,COVENTRY
158,340,UHC MEDICAID REPLACEMENT [3755]
159,341,MEDICARE [1635]
160,342,UNITED HEALTHCARE [2060]
